Review,Sentiment
very bad,negative
worth the money,positive
disappointed,negative
poor quality,negative
terrible service,negative
amazing quality,positive
very bad,negative
highly recommend,positive
worst experience,negative
do not recommend,negative
disappointed,negative
highly recommend,positive
amazing quality,positive
terrible service,negative
very satisfied,positive
poor quality,negative
fantastic experience,positive
disappointed,negative
excellent product,positive
worth the money,positive
loved it,positive
amazing quality,positive
highly recommend,positive
do not recommend,negative
excellent product,positive
do not recommend,negative
terrible service,negative
waste of money,negative
worst experience,negative
worst experience,negative
fantastic experience,positive
disappointed,negative
do not recommend,negative
worth the money,positive
excellent product,positive
amazing quality,positive
worth the money,positive
poor quality,negative
waste of money,negative
not satisfied,negative
terrible service,negative
very bad,negative
great service,positive
poor quality,negative
poor quality,negative
excellent product,positive
disappointed,negative
fantastic experience,positive
amazing quality,positive
highly recommend,positive
not satisfied,negative
excellent product,positive
great service,positive
disappointed,negative
loved it,positive
fantastic experience,positive
very satisfied,positive
loved it,positive
worst experience,negative
fantastic experience,positive
amazing quality,positive
highly recommend,positive
loved it,positive
fantastic experience,positive
disappointed,negative
poor quality,negative
excellent product,positive
poor quality,negative
excellent product,positive
great service,positive
poor quality,negative
highly recommend,positive
not satisfied,negative
very satisfied,positive
worth the money,positive
worst experience,negative
waste of money,negative
poor quality,negative
amazing quality,positive
waste of money,negative
very bad,negative
terrible service,negative
terrible service,negative
not satisfied,negative
loved it,positive
disappointed,negative
very bad,negative
worst experience,negative
waste of money,negative
fantastic experience,positive
great service,positive
great service,positive
terrible service,negative
do not recommend,negative
loved it,positive
fantastic experience,positive
very satisfied,positive
not satisfied,negative
poor quality,negative
worst experience,negative
not satisfied,negative
disappointed,negative
loved it,positive
waste of money,negative
fantastic experience,positive
worst experience,negative
loved it,positive
poor quality,negative
very satisfied,positive
highly recommend,positive
great service,positive
waste of money,negative
very bad,negative
worth the money,positive
amazing quality,positive
very bad,negative
great service,positive
loved it,positive
amazing quality,positive
great service,positive
very bad,negative
loved it,positive
waste of money,negative
very bad,negative
great service,positive
waste of money,negative
worst experience,negative
very satisfied,positive
excellent product,positive
excellent product,positive
worth the money,positive
terrible service,negative
highly recommend,positive
disappointed,negative
very bad,negative
very bad,negative
poor quality,negative
worth the money,positive
disappointed,negative
terrible service,negative
worst experience,negative
do not recommend,negative
disappointed,negative
great service,positive
amazing quality,positive
loved it,positive
highly recommend,positive
disappointed,negative
not satisfied,negative
very satisfied,positive
poor quality,negative
terrible service,negative
fantastic experience,positive
worth the money,positive
fantastic experience,positive
highly recommend,positive
not satisfied,negative
very satisfied,positive
worst experience,negative
great service,positive
amazing quality,positive
worst experience,negative
worth the money,positive
worth the money,positive
poor quality,negative
great service,positive
worth the money,positive
excellent product,positive
do not recommend,negative
great service,positive
do not recommend,negative
worth the money,positive
disappointed,negative
not satisfied,negative
very bad,negative
waste of money,negative
very bad,negative
fantastic experience,positive
waste of money,negative
loved it,positive
disappointed,negative
fantastic experience,positive
worst experience,negative
highly recommend,positive
waste of money,negative
not satisfied,negative
very satisfied,positive
disappointed,negative
poor quality,negative
very satisfied,positive
worst experience,negative
excellent product,positive
amazing quality,positive
worst experience,negative
very bad,negative
terrible service,negative
very bad,negative
disappointed,negative
poor quality,negative
waste of money,negative
excellent product,positive
excellent product,positive
loved it,positive
waste of money,negative
disappointed,negative
highly recommend,positive
worst experience,negative
worst experience,negative
terrible service,negative
waste of money,negative
do not recommend,negative
very satisfied,positive
worst experience,negative
poor quality,negative
excellent product,positive
terrible service,negative
great service,positive
waste of money,negative
worst experience,negative
poor quality,negative
very satisfied,positive
disappointed,negative
worth the money,positive
highly recommend,positive
very bad,negative
do not recommend,negative
disappointed,negative
terrible service,negative
waste of money,negative
very bad,negative
worth the money,positive
do not recommend,negative
worth the money,positive
amazing quality,positive
great service,positive
highly recommend,positive
disappointed,negative
fantastic experience,positive
excellent product,positive
worst experience,negative
worst experience,negative
great service,positive
excellent product,positive
great service,positive
disappointed,negative
disappointed,negative
not satisfied,negative
loved it,positive
excellent product,positive
not satisfied,negative
poor quality,negative
worth the money,positive
terrible service,negative
terrible service,negative
do not recommend,negative
worst experience,negative
excellent product,positive
highly recommend,positive
very bad,negative
worst experience,negative
poor quality,negative
highly recommend,positive
highly recommend,positive
poor quality,negative
very satisfied,positive
loved it,positive
waste of money,negative
very satisfied,positive
highly recommend,positive
waste of money,negative
disappointed,negative
worth the money,positive
waste of money,negative
fantastic experience,positive
excellent product,positive
not satisfied,negative
loved it,positive
not satisfied,negative
excellent product,positive
not satisfied,negative
highly recommend,positive
do not recommend,negative
not satisfied,negative
fantastic experience,positive
loved it,positive
disappointed,negative
loved it,positive
excellent product,positive
disappointed,negative
worst experience,negative
excellent product,positive
waste of money,negative
very bad,negative
highly recommend,positive
do not recommend,negative
excellent product,positive
worth the money,positive
disappointed,negative
poor quality,negative
great service,positive
loved it,positive
amazing quality,positive
worst experience,negative
highly recommend,positive
excellent product,positive
disappointed,negative
do not recommend,negative
worth the money,positive
excellent product,positive
loved it,positive
worth the money,positive
very bad,negative
amazing quality,positive
highly recommend,positive
worth the money,positive
fantastic experience,positive
very satisfied,positive
very satisfied,positive
disappointed,negative
excellent product,positive
do not recommend,negative
fantastic experience,positive
fantastic experience,positive
fantastic experience,positive
worst experience,negative
excellent product,positive
worth the money,positive
not satisfied,negative
worst experience,negative
worth the money,positive
disappointed,negative
disappointed,negative
great service,positive
excellent product,positive
excellent product,positive
very satisfied,positive
very satisfied,positive
poor quality,negative
amazing quality,positive
highly recommend,positive
do not recommend,negative
fantastic experience,positive
waste of money,negative
highly recommend,positive
not satisfied,negative
worth the money,positive
very bad,negative
excellent product,positive
not satisfied,negative
loved it,positive
waste of money,negative
terrible service,negative
very satisfied,positive
very bad,negative
waste of money,negative
excellent product,positive
very bad,negative
great service,positive
highly recommend,positive
amazing quality,positive
fantastic experience,positive
loved it,positive
loved it,positive
excellent product,positive
great service,positive
not satisfied,negative
loved it,positive
highly recommend,positive
worst experience,negative
poor quality,negative
poor quality,negative
loved it,positive
loved it,positive
excellent product,positive
great service,positive
highly recommend,positive
worst experience,negative
loved it,positive
amazing quality,positive
loved it,positive
highly recommend,positive
excellent product,positive
highly recommend,positive
very bad,negative
worst experience,negative
very bad,negative
poor quality,negative
excellent product,positive
very bad,negative
amazing quality,positive
not satisfied,negative
do not recommend,negative
worth the money,positive
terrible service,negative
worth the money,positive
highly recommend,positive
very satisfied,positive
do not recommend,negative
amazing quality,positive
worth the money,positive
worth the money,positive
highly recommend,positive
worth the money,positive
worth the money,positive
worst experience,negative
excellent product,positive
waste of money,negative
very satisfied,positive
worst experience,negative
fantastic experience,positive
highly recommend,positive
amazing quality,positive
very satisfied,positive
worst experience,negative
disappointed,negative
not satisfied,negative
highly recommend,positive
fantastic experience,positive
waste of money,negative
excellent product,positive
worth the money,positive
not satisfied,negative
waste of money,negative
loved it,positive
disappointed,negative
worth the money,positive
great service,positive
loved it,positive
loved it,positive
worth the money,positive
great service,positive
very bad,negative
excellent product,positive
excellent product,positive
do not recommend,negative
poor quality,negative
fantastic experience,positive
great service,positive
great service,positive
fantastic experience,positive
very bad,negative
disappointed,negative
amazing quality,positive
very satisfied,positive
poor quality,negative
excellent product,positive
very bad,negative
disappointed,negative
amazing quality,positive
poor quality,negative
great service,positive
amazing quality,positive
loved it,positive
not satisfied,negative
fantastic experience,positive
worst experience,negative
amazing quality,positive
worst experience,negative
poor quality,negative
fantastic experience,positive
amazing quality,positive
very bad,negative
very satisfied,positive
worth the money,positive
great service,positive
very bad,negative
do not recommend,negative
loved it,positive
fantastic experience,positive
worth the money,positive
do not recommend,negative
amazing quality,positive
disappointed,negative
terrible service,negative
loved it,positive
great service,positive
worth the money,positive
disappointed,negative
highly recommend,positive
do not recommend,negative
do not recommend,negative
do not recommend,negative
terrible service,negative
terrible service,negative
loved it,positive
waste of money,negative
great service,positive
worth the money,positive
amazing quality,positive
very bad,negative
terrible service,negative
do not recommend,negative
not satisfied,negative
very satisfied,positive
very satisfied,positive
poor quality,negative
excellent product,positive
very bad,negative
very satisfied,positive
poor quality,negative
very satisfied,positive
very satisfied,positive
very satisfied,positive
very bad,negative
highly recommend,positive
loved it,positive
excellent product,positive
do not recommend,negative
not satisfied,negative
very satisfied,positive
great service,positive
worst experience,negative
worst experience,negative
great service,positive
loved it,positive
worst experience,negative
not satisfied,negative
amazing quality,positive
great service,positive
waste of money,negative
worst experience,negative
disappointed,negative
waste of money,negative
disappointed,negative
do not recommend,negative
poor quality,negative
worst experience,negative
do not recommend,negative
amazing quality,positive
very satisfied,positive
waste of money,negative
disappointed,negative
disappointed,negative
terrible service,negative
very satisfied,positive
great service,positive
great service,positive
not satisfied,negative
very satisfied,positive
worth the money,positive
very satisfied,positive
worth the money,positive
fantastic experience,positive
loved it,positive
amazing quality,positive
loved it,positive
worst experience,negative
worth the money,positive
excellent product,positive
do not recommend,negative
terrible service,negative
not satisfied,negative
poor quality,negative
waste of money,negative
very bad,negative
not satisfied,negative
terrible service,negative
excellent product,positive
fantastic experience,positive
worst experience,negative
not satisfied,negative
waste of money,negative
very bad,negative
worth the money,positive
disappointed,negative
worst experience,negative
loved it,positive
poor quality,negative
not satisfied,negative
excellent product,positive
do not recommend,negative
excellent product,positive
terrible service,negative
very bad,negative
fantastic experience,positive
highly recommend,positive
worth the money,positive
great service,positive
loved it,positive
waste of money,negative
terrible service,negative
disappointed,negative
poor quality,negative
disappointed,negative
waste of money,negative
highly recommend,positive
worst experience,negative
poor quality,negative
poor quality,negative
amazing quality,positive
very bad,negative
excellent product,positive
worth the money,positive
very satisfied,positive
terrible service,negative
do not recommend,negative
not satisfied,negative
very satisfied,positive
worth the money,positive
excellent product,positive
highly recommend,positive
waste of money,negative
fantastic experience,positive
fantastic experience,positive
amazing quality,positive
very satisfied,positive
poor quality,negative
worth the money,positive
amazing quality,positive
loved it,positive
excellent product,positive
do not recommend,negative
worth the money,positive
very satisfied,positive
poor quality,negative
loved it,positive
very bad,negative
do not recommend,negative
highly recommend,positive
excellent product,positive
poor quality,negative
terrible service,negative
amazing quality,positive
very satisfied,positive
fantastic experience,positive
worst experience,negative
terrible service,negative
excellent product,positive
very bad,negative
disappointed,negative
amazing quality,positive
very bad,negative
worth the money,positive
not satisfied,negative
worst experience,negative
loved it,positive
very satisfied,positive
worst experience,negative
worth the money,positive
loved it,positive
highly recommend,positive
not satisfied,negative
do not recommend,negative
great service,positive
worst experience,negative
loved it,positive
great service,positive
highly recommend,positive
amazing quality,positive
disappointed,negative
disappointed,negative
worst experience,negative
not satisfied,negative
loved it,positive
terrible service,negative
do not recommend,negative
loved it,positive
disappointed,negative
worth the money,positive
not satisfied,negative
very satisfied,positive
not satisfied,negative
loved it,positive
disappointed,negative
fantastic experience,positive
fantastic experience,positive
very bad,negative
very satisfied,positive
great service,positive
disappointed,negative
great service,positive
poor quality,negative
waste of money,negative
loved it,positive
great service,positive
very bad,negative
worth the money,positive
waste of money,negative
worth the money,positive
poor quality,negative
not satisfied,negative
worst experience,negative
fantastic experience,positive
very satisfied,positive
very satisfied,positive
poor quality,negative
very bad,negative
very satisfied,positive
waste of money,negative
do not recommend,negative
worst experience,negative
worth the money,positive
excellent product,positive
waste of money,negative
very bad,negative
amazing quality,positive
very satisfied,positive
terrible service,negative
very bad,negative
fantastic experience,positive
terrible service,negative
poor quality,negative
do not recommend,negative
terrible service,negative
waste of money,negative
amazing quality,positive
very bad,negative
very bad,negative
highly recommend,positive
very satisfied,positive
great service,positive
waste of money,negative
do not recommend,negative
loved it,positive
poor quality,negative
terrible service,negative
not satisfied,negative
excellent product,positive
fantastic experience,positive
do not recommend,negative
very satisfied,positive
highly recommend,positive
fantastic experience,positive
do not recommend,negative
terrible service,negative
do not recommend,negative
do not recommend,negative
great service,positive
terrible service,negative
not satisfied,negative
loved it,positive
worth the money,positive
excellent product,positive
highly recommend,positive
terrible service,negative
disappointed,negative
highly recommend,positive
loved it,positive
waste of money,negative
very bad,negative
waste of money,negative
waste of money,negative
very bad,negative
amazing quality,positive
loved it,positive
not satisfied,negative
loved it,positive
amazing quality,positive
great service,positive
very satisfied,positive
excellent product,positive
poor quality,negative
loved it,positive
loved it,positive
amazing quality,positive
great service,positive
fantastic experience,positive
poor quality,negative
worst experience,negative
not satisfied,negative
very satisfied,positive
excellent product,positive
very bad,negative
loved it,positive
do not recommend,negative
highly recommend,positive
worst experience,negative
very bad,negative
very satisfied,positive
poor quality,negative
fantastic experience,positive
great service,positive
worth the money,positive
waste of money,negative
great service,positive
not satisfied,negative
worth the money,positive
terrible service,negative
fantastic experience,positive
worst experience,negative
very satisfied,positive
poor quality,negative
poor quality,negative
do not recommend,negative
disappointed,negative
worst experience,negative
not satisfied,negative
worst experience,negative
do not recommend,negative
not satisfied,negative
worth the money,positive
fantastic experience,positive
waste of money,negative
great service,positive
very satisfied,positive
not satisfied,negative
do not recommend,negative
disappointed,negative
loved it,positive
highly recommend,positive
waste of money,negative
poor quality,negative
waste of money,negative
disappointed,negative
fantastic experience,positive
disappointed,negative
highly recommend,positive
poor quality,negative
highly recommend,positive
highly recommend,positive
very bad,negative
not satisfied,negative
highly recommend,positive
fantastic experience,positive
terrible service,negative
not satisfied,negative
poor quality,negative
very bad,negative
highly recommend,positive
waste of money,negative
excellent product,positive
excellent product,positive
excellent product,positive
great service,positive
very bad,negative
very satisfied,positive
do not recommend,negative
worst experience,negative
do not recommend,negative
worth the money,positive
very bad,negative
do not recommend,negative
highly recommend,positive
excellent product,positive
do not recommend,negative
very bad,negative
excellent product,positive
do not recommend,negative
very bad,negative
highly recommend,positive
disappointed,negative
worst experience,negative
amazing quality,positive
great service,positive
poor quality,negative
terrible service,negative
worth the money,positive
terrible service,negative
do not recommend,negative
fantastic experience,positive
worth the money,positive
very satisfied,positive
amazing quality,positive
terrible service,negative
very bad,negative
very satisfied,positive
disappointed,negative
highly recommend,positive
worst experience,negative
loved it,positive
do not recommend,negative
worth the money,positive
very satisfied,positive
disappointed,negative
poor quality,negative
very bad,negative
terrible service,negative
very bad,negative
not satisfied,negative
waste of money,negative
amazing quality,positive
worth the money,positive
very satisfied,positive
fantastic experience,positive
great service,positive
very satisfied,positive
loved it,positive
do not recommend,negative
loved it,positive
great service,positive
do not recommend,negative
amazing quality,positive
not satisfied,negative
poor quality,negative
waste of money,negative
amazing quality,positive
fantastic experience,positive
worth the money,positive
terrible service,negative
highly recommend,positive
amazing quality,positive
worst experience,negative
terrible service,negative
fantastic experience,positive
highly recommend,positive
poor quality,negative
worth the money,positive
waste of money,negative
great service,positive
do not recommend,negative
very satisfied,positive
poor quality,negative
loved it,positive
amazing quality,positive
worth the money,positive
great service,positive
very satisfied,positive
loved it,positive
loved it,positive
poor quality,negative
great service,positive
worst experience,negative
loved it,positive
highly recommend,positive
disappointed,negative
not satisfied,negative
loved it,positive
highly recommend,positive
loved it,positive
highly recommend,positive
terrible service,negative
very bad,negative
very bad,negative
great service,positive
amazing quality,positive
do not recommend,negative
not satisfied,negative
loved it,positive
terrible service,negative
fantastic experience,positive
worst experience,negative
terrible service,negative
do not recommend,negative
terrible service,negative
highly recommend,positive
worth the money,positive
highly recommend,positive
disappointed,negative
excellent product,positive
not satisfied,negative
not satisfied,negative
amazing quality,positive
loved it,positive
excellent product,positive
great service,positive
amazing quality,positive
fantastic experience,positive
amazing quality,positive
very satisfied,positive
excellent product,positive
very satisfied,positive
waste of money,negative
loved it,positive
highly recommend,positive
amazing quality,positive
waste of money,negative
worst experience,negative
worst experience,negative
do not recommend,negative
very bad,negative
do not recommend,negative
terrible service,negative
loved it,positive
very satisfied,positive
worth the money,positive
loved it,positive
terrible service,negative
great service,positive
not satisfied,negative
great service,positive
do not recommend,negative
terrible service,negative
disappointed,negative
not satisfied,negative
very satisfied,positive
terrible service,negative
very bad,negative
great service,positive
not satisfied,negative
not satisfied,negative
amazing quality,positive
not satisfied,negative
worst experience,negative
disappointed,negative
do not recommend,negative
great service,positive
do not recommend,negative
very satisfied,positive
worth the money,positive
very bad,negative
waste of money,negative
worst experience,negative
highly recommend,positive
amazing quality,positive
waste of money,negative
excellent product,positive
very bad,negative
not satisfied,negative
very bad,negative
fantastic experience,positive
